Numéro;Image;Nom;PV;Attaque;Défense;Att. Spé.;Déf. Spé.;Vitesse;Total;Moyenne
1;001_LGPE.png;Bulbizarre;45;49;49;65;65;45;318;53.00
2;002_LGPE.png;Herbizarre;60;62;63;80;80;60;405;67.50
3;003_LGPE.png;Florizarre;80;82;83;100;100;80;525;87.50
3;003_Méga.png;Méga-Florizarre;80;100;123;122;120;80;625;104.17
4;004_LGPE.png;Salamèche;39;52;43;60;50;65;309;51.50
5;005_LGPE.png;Reptincel;58;64;58;80;65;80;405;67.50
6;006_LGPE.png;Dracaufeu;78;84;78;109;85;100;534;89.00
6;006_Méga_X.png;Méga-Dracaufeu X;78;130;111;130;85;100;634;105.67
6;006_Méga_Y.png;Méga-Dracaufeu Y;78;104;78;159;115;100;634;105.67
6;006_Gigamax_EB.png;Dracaufeu Gigamax;156;84;78;109;85;100;612;102.00
7;007_LGPE.png;Carapuce;44;48;65;50;64;43;314;52.33
8;008_LGPE.png;Carabaffe;59;63;80;65;80;58;405;67.50
9;009_LGPE.png;Tortank;79;83;100;85;105;78;530;88.33
9;009_Méga.png;Méga-Tortank;79;103;120;135;115;78;630;105.00
10;010_LGPE.png;Chenipan;45;30;35;20;20;45;195;32.50
11;011_LGPE.png;Chrysacier;50;20;55;25;25;30;205;34.17
12;012_EB.png;Papilusion;60;45;50;90;80;70;395;65.83
13;013_LGPE.png;Aspicot;40;35;30;20;20;50;195;32.50
14;014_LGPE.png;Coconfort;45;25;50;25;25;35;205;34.17
15;015_LGPE.png;Dardargnan;65;90;40;45;80;75;395;65.83
15;015_Méga.png;Méga-Dardargnan;65;150;40;15;80;145;495;82.50
16;016_LGPE.png;Roucool;40;45;40;35;35;56;251;41.83
17;017_LGPE.png;Roucoups;63;60;55;50;50;71;349;58.17
18;018_LGPE.png;Roucarnage;83;80;75;70;70;101;479;79.83
18;018_Méga.png;Méga-Roucarnage;83;80;80;135;80;121;579;96.50
19;019_LGPE.png;Rattata;30;56;35;25;35;72;253;42.17
19;019_Alola_LGPE.png;Rattata d'Alola;30;56;35;25;35;72;253;42.17
20;020_LGPE.png;Rattatac;55;81;60;50;70;97;413;68.83
20;020_Alola_LGPE.png;Rattatac d'Alola;75;71;70;40;80;77;413;68.83
21;021_LGPE.png;Piafabec;40;60;30;31;31;70;262;43.67
22;022_LGPE.png;Rapasdepic;65;90;65;61;61;100;442;73.67
23;023_LGPE.png;Abo;35;60;44;40;54;55;288;48.00
24;024_LGPE.png;Arbok;60;95;69;65;79;80;448;74.67
25;025_LGPE.png;Pikachu;35;55;40;50;50;90;320;53.33
25;025_Gigamax_EB.png;Pikachu Gigamax;70;55;40;50;50;90;355;59.17
26;026_EB.png;Raichu;60;90;55;90;80;110;485;80.83
26;026_Alola_LGPE.png;Raichu d'Alola;60;85;50;95;85;110;485;80.83
27;027_LGPE.png;Sabelette;50;75;85;20;30;40;300;50.00
27;027_Alola_LGPE.png;Sabelette d'Alola;50;75;90;10;35;40;300;50.00
28;028_LGPE.png;Sablaireau;75;100;110;45;55;65;450;75.00
28;028_Alola_LGPE.png;Sablaireau d'Alola;75;100;120;25;65;65;450;75.00
29;029_LGPE.png;Nidoran♀;55;47;52;40;40;41;275;45.83
30;030_LGPE.png;Nidorina;70;62;67;55;55;56;365;60.83
31;031_LGPE.png;Nidoqueen;90;92;87;75;85;76;505;84.17
32;032_LGPE.png;Nidoran♂;46;57;40;40;40;50;273;45.50
33;033_LGPE.png;Nidorino;61;72;57;55;55;65;365;60.83
34;034_LGPE.png;Nidoking;81;102;77;85;75;85;505;84.17
35;035_LGPE.png;Mélofée;70;45;48;60;65;35;323;53.83
36;036_LGPE.png;Mélodelfe;95;70;73;95;90;60;483;80.50
37;037_LGPE.png;Goupix;38;41;40;50;65;65;299;49.83
37;037_Alola_LGPE.png;Goupix d'Alola;38;41;40;50;65;65;299;49.83
38;038_EB.png;Feunard;73;76;75;81;100;100;505;84.17
38;038_Alola_LGPE.png;Feunard d'Alola;73;67;75;81;100;109;505;84.17
39;039_LGPE.png;Rondoudou;115;45;20;45;25;20;270;45.00
40;040_LGPE.png;Grodoudou;140;70;45;85;50;45;435;72.50
41;041_LGPE.png;Nosferapti;40;45;35;30;40;55;245;40.83
42;042_LGPE.png;Nosferalto;75;80;70;65;75;90;455;75.83
43;043_LGPE.png;Mystherbe;45;50;55;75;65;30;320;53.33
44;044_LGPE.png;Ortide;60;65;70;85;75;40;395;65.83
45;045_LGPE.png;Rafflesia;75;80;85;110;90;50;490;81.67
46;046_LGPE.png;Paras;35;70;55;45;55;25;285;47.50
47;047_LGPE.png;Parasect;60;95;80;60;80;30;405;67.50
48;048_LGPE.png;Mimitoss;60;55;50;40;55;45;305;50.83
49;049_LGPE.png;Aéromite;70;65;60;90;75;90;450;75.00
50;050_LGPE.png;Taupiqueur;10;55;25;35;45;95;265;44.17
50;050_Alola_LGPE.png;Taupiqueur d'Alola;10;55;30;35;45;90;265;44.17
51;051_EB.png;Triopikeur;35;100;50;50;70;120;425;70.83
51;051_Alola_LGPE.png;Triopikeur d'Alola;35;100;60;50;70;110;425;70.83
52;052_LGPE.png;Miaouss;40;45;35;40;40;90;290;48.33
52;052_Alola_LGPE.png;Miaouss d'Alola;40;35;35;50;40;90;290;48.33
52;052_Galar_EB.png;Miaouss de Galar;50;65;55;40;40;40;290;48.33
53;053_EB.png;Persian;65;70;60;65;65;115;440;73.33
53;053_Alola_LGPE.png;Persian d'Alola;65;60;60;75;60;115;435;72.50
54;054_LGPE.png;Psykokwak;50;52;48;65;50;55;320;53.33
55;055_LGPE.png;Akwakwak;80;82;78;95;80;85;500;83.33
56;056_LGPE.png;Férosinge;40;80;35;35;45;70;305;50.83
57;057_LGPE.png;Colossinge;65;105;60;60;70;95;455;75.83
58;058_LGPE.png;Caninos;55;70;45;70;50;60;350;58.33
59;059_LGPE.png;Arcanin;90;110;80;100;80;95;555;92.50
60;060_LGPE.png;Ptitard;40;50;40;40;40;90;300;50.00
61;061_LGPE.png;Têtarte;65;65;65;50;50;90;385;64.17
62;062_LGPE.png;Tartard;90;95;95;70;90;70;510;85.00
63;063_LGPE.png;Abra;25;20;15;105;55;90;310;51.67
64;064_LGPE.png;Kadabra;40;35;30;120;70;105;400;66.67
65;065_LGPE.png;Alakazam;55;50;45;135;95;120;500;83.33
65;065_Méga.png;Méga-Alakazam;55;50;65;175;105;150;600;100.00
66;066_LGPE.png;Machoc;70;80;50;35;35;35;305;50.83
67;067_LGPE.png;Machopeur;80;100;70;50;60;45;405;67.50
68;068_LGPE.png;Mackogneur;90;130;80;65;85;55;505;84.17
69;069_LGPE.png;Chétiflor;50;75;35;70;30;40;300;50.00
70;070_LGPE.png;Boustiflor;65;90;50;85;45;55;390;65.00
71;071_LGPE.png;Empiflor;80;105;65;100;70;70;490;81.67
72;072_LGPE.png;Tentacool;40;40;35;50;100;70;335;55.83
73;073_LGPE.png;Tentacruel;80;70;65;80;120;100;515;85.83
74;074_LGPE.png;Racaillou;40;80;100;30;30;20;300;50.00
74;074_Alola_LGPE.png;Racaillou d'Alola;40;80;100;30;30;30;310;51.67
75;075_LGPE.png;Gravalanch;55;95;115;45;45;35;390;65.00
75;075_Alola_LGPE.png;Gravalanch d'Alola;55;95;115;45;45;35;390;65.00
76;076_LGPE.png;Grolem;80;120;130;55;65;45;495;82.50
76;076_Alola_LGPE.png;Grolem d'Alola;80;120;130;55;65;45;495;82.50
77;077_LGPE.png;Ponyta;50;85;55;65;65;90;410;68.33
77;077_Galar_EB.png;Ponyta de Galar;50;85;55;65;65;90;410;68.33
78;078_LGPE.png;Galopa;65;100;70;80;80;105;500;83.33
78;078_Galar_EB.png;Galopa de Galar;65;100;70;80;80;105;500;83.33
79;079_LGPE.png;Ramoloss;90;65;65;40;40;15;315;52.50
80;080_LGPE.png;Flagadoss;95;75;110;100;80;30;490;81.67
80;080_Méga.png;Méga-Flagadoss;95;75;180;130;80;30;590;98.33
81;081_LGPE.png;Magnéti;25;35;70;95;55;45;325;54.17
82;082_LGPE.png;Magnéton;50;60;95;120;70;70;465;77.50
83;083_LGPE.png;Canarticho;52;90;55;58;62;60;377;62.83
83;083_Galar_EB.png;Canarticho de Galar;52;95;55;58;62;55;377;62.83
84;084_LGPE.png;Doduo;35;85;45;35;35;75;310;51.67
85;085_LGPE.png;Dodrio;60;110;70;60;60;110;470;78.33
86;086_LGPE.png;Otaria;65;45;55;45;70;45;325;54.17
87;087_LGPE.png;Lamantine;90;70;80;70;95;70;475;79.17
88;088_LGPE.png;Tadmorv;80;80;50;40;50;25;325;54.17
88;088_Alola_LGPE.png;Tadmorv d'Alola;80;80;50;40;50;25;325;54.17
89;089_LGPE.png;Grotadmorv;105;105;75;65;100;50;500;83.33
89;089_Alola_LGPE.png;Grotadmorv d'Alola;105;105;75;65;100;50;500;83.33
90;090_LGPE.png;Kokiyas;30;65;100;45;25;40;305;50.83
91;091_LGPE.png;Crustabri;50;95;180;85;45;70;525;87.50
92;092_LGPE.png;Fantominus;30;35;30;100;35;80;310;51.67
93;093_LGPE.png;Spectrum;45;50;45;115;55;95;405;67.50
94;094_LGPE.png;Ectoplasma;60;65;60;130;75;110;500;83.33
94;094_Méga.png;Méga-Ectoplasma;60;65;80;170;95;130;600;100.00
95;095_LGPE.png;Onix;35;45;160;30;45;70;385;64.17
96;096_LGPE.png;Soporifik;60;48;45;43;90;42;328;54.67
97;097_LGPE.png;Hypnomade;85;73;70;73;115;67;483;80.50
98;098_LGPE.png;Krabby;30;105;90;25;25;50;325;54.17
99;099_LGPE.png;Krabboss;55;130;115;50;50;75;475;79.17
100;100_LGPE.png;Voltorbe;40;30;50;55;55;100;330;55.00
101;101_LGPE.png;Électrode;60;50;70;80;80;150;490;81.67
102;102_LGPE.png;Noeunoeuf;60;40;80;60;45;40;325;54.17
103;103_LGPE.png;Noadkoko;95;95;85;125;75;55;530;88.33
103;103_Alola_LGPE.png;Noadkoko d'Alola;95;105;85;125;75;45;530;88.33
104;104_LGPE.png;Osselait;50;50;95;40;50;35;320;53.33
105;105_LGPE.png;Ossatueur;60;80;110;50;80;45;425;70.83
105;105_Alola_LGPE.png;Ossatueur d'Alola;60;80;110;50;80;45;425;70.83
106;106_LGPE.png;Kicklee;50;120;53;35;110;87;455;75.83
107;107_LGPE.png;Tygnon;50;105;79;35;110;76;455;75.83
108;108_LGPE.png;Excelangue;90;55;75;60;75;30;385;64.17
109;109_LGPE.png;Smogo;40;65;95;60;45;35;340;56.67
110;110_EB.png;Smogogo;65;90;120;85;70;60;490;81.67
110;110_Galar_EB.png;Smogogo de Galar;65;90;120;85;70;60;490;81.67
111;111_LGPE.png;Rhinocorne;80;85;95;30;30;25;345;57.50
112;112_LGPE.png;Rhinoféros;105;130;120;45;45;40;485;80.83
113;113_LGPE.png;Leveinard;250;5;5;35;105;50;450;75.00
114;114_LGPE.png;Saquedeneu;65;55;115;100;40;60;435;72.50
115;115_LGPE.png;Kangourex;105;95;80;40;80;90;490;81.67
115;115_Méga.png;Méga-Kangourex;105;125;100;60;100;100;590;98.33
116;116_LGPE.png;Hypotrempe;30;40;70;70;25;60;295;49.17
117;117_LGPE.png;Hypocéan;55;65;95;95;45;85;440;73.33
118;118_LGPE.png;Poissirène;45;67;60;35;50;63;320;53.33
119;119_LGPE.png;Poissoroy;80;92;65;65;80;68;450;75.00
120;120_LGPE.png;Stari;30;45;55;70;55;85;340;56.67
121;121_LGPE.png;Staross;60;75;85;100;85;115;520;86.67
122;122_LGPE.png;M. Mime;40;45;65;100;120;90;460;76.67
122;122_Galar_EB.png;M. Mime de Galar;50;65;65;90;90;100;460;76.67
123;123_LGPE.png;Insécateur;70;110;80;55;80;105;500;83.33
124;124_LGPE.png;Lippoutou;65;50;35;115;95;95;455;75.83
125;125_LGPE.png;Élektek;65;83;57;95;85;105;490;81.67
126;126_LGPE.png;Magmar;65;95;57;100;85;93;495;82.50
127;127_LGPE.png;Scarabrute;65;125;100;55;70;85;500;83.33
127;127_Méga.png;Méga-Scarabrute;65;155;120;65;90;105;600;100.00
128;128_LGPE.png;Tauros;75;100;95;40;70;110;490;81.67
129;129_LGPE.png;Magicarpe;20;10;55;15;20;80;200;33.33
130;130_LGPE.png;Léviator;95;125;79;60;100;81;540;90.00
130;130_Méga.png;Méga-Léviator;95;155;109;70;130;81;640;106.67
131;131_LGPE.png;Lokhlass;130;85;80;85;95;60;535;89.17
132;132_LGPE.png;Métamorph;48;48;48;48;48;48;288;48.00
133;133_LGPE.png;Évoli;55;55;50;45;65;55;325;54.17
134;134_EB.png;Aquali;130;65;60;110;95;65;525;87.50
135;135_EB.png;Voltali;65;65;60;110;95;130;525;87.50
136;136_EB.png;Pyroli;65;130;60;95;110;65;525;87.50
137;137_LGPE.png;Porygon;65;60;70;85;75;40;395;65.83
138;138_LGPE.png;Amonita;35;40;100;90;55;35;355;59.17
139;139_LGPE.png;Amonistar;70;60;125;115;70;55;495;82.50
140;140_LGPE.png;Kabuto;30;80;90;55;45;55;355;59.17
141;141_LGPE.png;Kabutops;60;115;105;65;70;80;495;82.50
142;142_LGPE.png;Ptéra;80;105;65;60;75;130;515;85.83
142;142_Méga.png;Méga-Ptéra;80;135;85;70;95;150;615;102.50
143;143_LGPE.png;Ronflex;160;110;65;65;110;30;540;90.00
144;144_LGPE.png;Artikodin;90;85;100;95;125;85;580;96.67
145;145_LGPE.png;Électhor;90;90;85;125;90;100;580;96.67
146;146_LGPE.png;Sulfura;90;100;90;125;85;90;580;96.67
147;147_LGPE.png;Minidraco;41;64;45;50;50;50;300;50.00
148;148_LGPE.png;Draco;61;84;65;70;70;70;420;70.00
149;149_LGPE.png;Dracolosse;91;134;95;100;100;80;600;100.00
150;150_LGPE.png;Mewtwo;106;110;90;154;90;130;680;113.33
150;150_Méga_X.png;Méga-Mewtwo X;106;190;100;154;100;130;780;130.00
150;150_Méga_Y.png;Méga-Mewtwo Y;106;150;70;194;120;140;780;130.00
151;151_LGPE.png;Mew;100;100;100;100;100;100;600;100.00
152;152.png;Germignon;45;49;65;49;65;45;318;53.00
153;153.png;Macronium;60;62;80;63;80;60;405;67.50
154;154.png;Méganium;80;82;100;83;100;80;525;87.50
155;155.png;Héricendre;39;52;43;60;50;65;309;51.50
156;156.png;Feurisson;58;64;58;80;65;80;405;67.50
157;157.png;Typhlosion;78;84;78;109;85;100;534;89.00
158;158.png;Kaiminus;50;65;64;44;48;43;314;52.33
159;159.png;Crocrodil;65;80;80;59;63;58;405;67.50
160;160.png;Aligatueur;85;105;100;79;83;78;530;88.33
161;161.png;Fouinette;35;46;34;35;45;20;215;35.83
162;162.png;Fouinar;85;76;64;45;55;90;415;69.17
163;163_EB.png;Hoothoot;60;30;30;36;56;50;262;43.67
164;164_EB.png;Noarfang;100;50;50;86;96;70;452;75.33
165;165.png;Coxy;40;20;30;40;80;55;265;44.17
166;166.png;Coxyclaque;55;35;50;55;110;85;390;65.00
167;167.png;Mimigal;40;60;40;40;40;30;250;41.67
168;168.png;Migalos;70;90;70;60;70;40;400;66.67
169;169.png;Nostenfer;85;90;80;70;80;130;535;89.17
170;170_EB.png;Loupio;75;38;38;56;56;67;330;55.00
171;171_EB.png;Lanturn;125;58;58;76;76;67;460;76.67
172;172_EB.png;Pichu;20;40;15;35;35;60;205;34.17
173;173_EB.png;Mélo;50;25;28;45;55;15;218;36.33
174;174.png;Toudoudou;90;30;15;40;20;15;210;35.00
175;175_EB.png;Togepi;35;20;65;40;65;20;245;40.83
176;176_EB.png;Togetic;55;40;85;80;105;40;405;67.50
177;177_EB.png;Natu;40;50;45;70;45;70;320;53.33
178;178_EB.png;Xatu;65;75;70;95;70;95;470;78.33
179;179.png;Wattouat;55;40;40;65;45;35;280;46.67
180;180.png;Lainergie;70;55;55;80;60;45;365;60.83
181;181.png;Pharamp;90;75;85;115;90;55;510;85.00
181;181_Méga.png;Méga-Pharamp;90;95;105;165;110;45;610;101.67
182;182_EB.png;Joliflor;75;80;95;90;100;50;490;81.67
183;183.png;Marill;70;20;50;20;50;40;250;41.67
184;184.png;Azumarill;100;50;80;60;80;50;420;70.00
185;185_EB.png;Simularbre;70;100;115;30;65;30;410;68.33
186;186.png;Tarpaud;90;75;75;90;100;70;500;83.33
187;187.png;Granivol;35;35;40;35;55;50;250;41.67
188;188.png;Floravol;55;45;50;45;65;80;340;56.67
189;189.png;Cotovol;75;55;70;55;95;110;460;76.67
190;190.png;Capumain;55;70;55;40;55;85;360;60.00
191;191.png;Tournegrin;30;30;30;30;30;30;180;30.00
192;192.png;Héliatronc;75;75;55;105;85;30;425;70.83
193;193.png;Yanma;65;65;45;75;45;95;390;65.00
194;194_EB.png;Axoloto;55;45;45;25;25;15;210;35.00
195;195_EB.png;Maraiste;95;85;85;65;65;35;430;71.67
196;196_EB.png;Mentali;65;65;60;130;95;110;525;87.50
197;197_EB.png;Noctali;95;65;110;60;130;65;525;87.50
198;198.png;Cornèbre;60;85;42;85;42;91;405;67.50
199;199.png;Roigada;95;75;80;100;110;30;490;81.67
200;200.png;Feuforêve;60;60;60;85;85;85;435;72.50
201;201_F.png;Zarbi;48;72;48;72;48;48;336;56.00
202;202_EB.png;Qulbutoké;190;33;58;33;58;33;405;67.50
203;203.png;Girafarig;70;80;65;90;65;85;455;75.83
204;204.png;Pomdepik;50;65;90;35;35;15;290;48.33
205;205.png;Foretress;75;90;140;60;60;40;465;77.50
206;206.png;Insolourdo;100;70;70;65;65;45;415;69.17
207;207.png;Scorplane;65;75;105;35;65;85;430;71.67
208;208_EB.png;Steelix;75;85;200;55;65;30;510;85.00
208;208_Méga.png;Méga-Steelix;75;125;230;55;95;30;610;101.67
209;209.png;Snubbull;60;80;50;40;40;30;300;50.00
210;210.png;Granbull;90;120;75;60;60;45;450;75.00
211;211_EB.png;Qwilfish;65;95;85;55;55;85;440;73.33
212;212.png;Cizayox;70;130;100;55;80;65;500;83.33
212;212_Méga.png;Méga-Cizayox;70;150;140;65;100;75;600;100.00
213;213_EB.png;Caratroc;20;10;230;10;230;5;505;84.17
214;214.png;Scarhino;80;125;75;40;95;85;500;83.33
214;214_Méga.png;Méga-Scarhino;80;185;115;40;105;75;600;100.00
215;215_EB.png;Farfuret;55;95;55;35;75;115;430;71.67
216;216.png;Teddiursa;60;80;50;50;50;40;330;55.00
217;217.png;Ursaring;90;130;75;75;75;55;500;83.33
218;218.png;Limagma;40;40;40;70;40;20;250;41.67
219;219.png;Volcaropod;60;50;120;90;80;30;430;71.67
220;220_EB.png;Marcacrin;50;50;40;30;30;50;250;41.67
221;221_EB.png;Cochignon;100;100;80;60;60;50;450;75.00
222;222_EB.png;Corayon;65;55;95;65;95;35;410;68.33
222;222_Galar_EB.png;Corayon de Galar;60;55;100;65;100;30;410;68.33
223;223_EB.png;Rémoraid;35;65;35;65;35;65;300;50.00
224;224_EB.png;Octillery;75;105;75;105;75;45;480;80.00
225;225_EB.png;Cadoizo;45;55;45;65;45;75;330;55.00
226;226_EB.png;Démanta;85;40;70;80;140;70;485;80.83
227;227.png;Airmure;65;80;140;40;70;70;465;77.50
228;228.png;Malosse;45;60;30;80;50;65;330;55.00
229;229.png;Démolosse;75;90;50;110;80;95;500;83.33
229;229_Méga.png;Méga-Démolosse;75;90;90;140;90;115;600;100.00
230;230.png;Hyporoi;75;95;95;95;95;85;540;90.00
231;231.png;Phanpy;90;60;60;40;40;40;330;55.00
232;232.png;Donphan;90;120;120;60;60;50;500;83.33
233;233.png;Porygon2;85;80;90;105;95;60;515;85.83
234;234.png;Cerfrousse;73;95;62;85;65;85;465;77.50
235;235.png;Queulorior;55;20;35;20;45;75;250;41.67
236;236_EB.png;Debugant;35;35;35;35;35;35;210;35.00
237;237_EB.png;Kapoera;50;95;95;35;110;70;455;75.83
238;238.png;Lippouti;45;30;15;85;65;65;305;50.83
239;239.png;Élekid;45;63;37;65;55;95;360;60.00
240;240.png;Magby;45;75;37;70;55;83;365;60.83
241;241.png;Écrémeuh;95;80;105;40;70;100;490;81.67
242;242.png;Leuphorie;255;10;10;75;135;55;540;90.00
243;243.png;Raikou;90;85;75;115;100;115;580;96.67
244;244.png;Entei;115;115;85;90;75;100;580;96.67
245;245.png;Suicune;100;75;115;90;115;85;580;96.67
246;246_EB.png;Embrylex;50;64;50;45;50;41;300;50.00
247;247_EB.png;Ymphect;70;84;70;65;70;51;410;68.33
248;248_EB.png;Tyranocif;100;134;110;95;100;61;600;100.00
248;248_Méga.png;Méga-Tyranocif;100;164;150;95;120;71;700;116.67
249;249.png;Lugia;106;90;130;90;154;110;680;113.33
250;250.png;Ho-Oh;106;130;90;110;154;90;680;113.33
251;251_EB.png;Celebi;100;100;100;100;100;100;600;100.00
252;252.png;Arcko;40;45;35;65;55;70;310;51.67
253;253.png;Massko;50;65;45;85;65;95;405;67.50
254;254.png;Jungko;70;85;65;105;85;120;530;88.33
254;254_Méga.png;Méga-Jungko;70;110;75;145;85;145;630;105.00
255;255.png;Poussifeu;45;60;40;70;50;45;310;51.67
256;256.png;Galifeu;60;85;60;85;60;55;405;67.50
257;257.png;Braségali;80;120;70;110;70;80;530;88.33
257;257_Méga.png;Méga-Braségali;80;160;80;130;80;100;630;105.00
258;258.png;Gobou;50;70;50;50;50;40;310;51.67
259;259.png;Flobio;70;85;70;60;70;50;405;67.50
260;260.png;Laggron;100;110;90;85;90;60;535;89.17
260;260_Méga.png;Méga-Laggron;100;150;110;95;110;70;635;105.83
261;261.png;Medhyèna;35;55;35;30;30;35;220;36.67
262;262.png;Grahyèna;70;90;70;60;60;70;420;70.00
263;263_EB.png;Zigzaton;38;30;41;30;41;60;240;40.00
263;263_Galar_EB.png;Zigzaton de Galar;38;30;41;30;41;60;240;40.00
264;264_EB.png;Linéon;78;70;61;50;61;100;420;70.00
264;264_Galar_EB.png;Linéon de Galar;78;70;61;50;61;100;420;70.00
265;265.png;Chenipotte;45;45;35;20;30;20;195;32.50
266;266.png;Armulys;50;35;55;25;25;15;205;34.17
267;267.png;Charmillon;60;70;50;100;50;65;395;65.83
268;268.png;Blindalys;50;35;55;25;25;15;205;34.17
269;269.png;Papinox;60;50;70;50;90;65;385;64.17
270;270_EB.png;Nénupiot;40;30;30;40;50;30;220;36.67
271;271_EB.png;Lombre;60;50;50;60;70;50;340;56.67
272;272_EB.png;Ludicolo;80;70;70;90;100;70;480;80.00
273;273_EB.png;Grainipiot;40;40;50;30;30;30;220;36.67
274;274_EB.png;Pifeuil;70;70;40;60;40;60;340;56.67
275;275_EB.png;Tengalice;90;100;60;90;60;80;480;80.00
276;276.png;Nirondelle;40;55;30;30;30;85;270;45.00
277;277.png;Hélédelle;60;85;60;75;50;125;455;75.83
278;278_EB.png;Goélise;40;30;30;55;30;85;270;45.00
279;279_EB.png;Bekipan;60;50;100;95;70;65;440;73.33
280;280_EB.png;Tarsal;28;25;25;45;35;40;198;33.00
281;281_EB.png;Kirlia;38;35;35;65;55;50;278;46.33
282;282_EB.png;Gardevoir;68;65;65;125;115;80;518;86.33
282;282_Méga.png;Méga-Gardevoir;68;85;65;165;135;100;618;103.00
283;283.png;Arakdo;40;30;32;50;52;65;269;44.83
284;284.png;Maskadra;70;60;62;100;82;80;454;75.67
285;285.png;Balignon;60;40;60;40;60;35;295;49.17
286;286.png;Chapignon;60;130;80;60;60;70;460;76.67
287;287.png;Parecool;60;60;60;35;35;30;280;46.67
288;288.png;Vigoroth;80;80;80;55;55;90;440;73.33
289;289.png;Monaflèmit;150;160;100;95;65;100;670;111.67
290;290_EB.png;Ningale;31;45;90;30;30;40;266;44.33
291;291_EB.png;Ninjask;61;90;45;50;50;160;456;76.00
292;292_EB.png;Munja;1;90;45;30;30;40;236;39.33
293;293.png;Chuchmur;64;51;23;51;23;28;240;40.00
294;294.png;Ramboum;84;71;43;71;43;48;360;60.00
295;295.png;Brouhabam;104;91;63;91;73;68;490;81.67
296;296.png;Makuhita;72;60;30;20;30;25;237;39.50
297;297.png;Hariyama;144;120;60;40;60;50;474;79.00
298;298.png;Azurill;50;20;40;20;40;20;190;31.67
299;299.png;Tarinor;30;45;135;45;90;30;375;62.50
300;300.png;Skitty;50;45;45;35;35;50;260;43.33
301;301.png;Delcatty;70;65;65;55;55;90;400;66.67
302;302_EB.png;Ténéfix;50;75;75;65;65;50;380;63.33
302;302_Méga.png;Méga-Ténéfix;50;85;125;85;115;20;480;80.00
303;303_EB.png;Mysdibule;50;85;85;55;55;50;380;63.33
303;303_Méga.png;Méga-Mysdibule;50;105;125;55;95;50;480;80.00
304;304.png;Galekid;50;70;100;40;40;30;330;55.00
305;305.png;Galegon;60;90;140;50;50;40;430;71.67
306;306.png;Galeking;70;110;180;60;60;50;530;88.33
306;306_Méga.png;Méga-Galeking;70;140;230;60;80;50;630;105.00
307;307.png;Méditikka;30;40;55;40;55;60;280;46.67
308;308.png;Charmina;60;60;75;60;75;80;410;68.33
308;308_Méga.png;Méga-Charmina;60;100;85;80;85;100;510;85.00
309;309_EB.png;Dynavolt;40;45;40;65;40;65;295;49.17
310;310_EB.png;Élecsprint;70;75;60;105;60;105;475;79.17
310;310_Méga.png;Méga-Élecsprint;70;75;80;135;80;135;575;95.83
311;311.png;Posipi;60;50;40;85;75;95;405;67.50
312;312.png;Négapi;60;40;50;75;85;95;405;67.50
313;313.png;Muciole;65;73;75;47;85;85;430;71.67
314;314.png;Lumivole;65;47;75;73;85;85;430;71.67
315;315_EB.png;Rosélia;50;60;45;100;80;65;400;66.67
316;316.png;Gloupti;70;43;53;43;53;40;302;50.33
317;317.png;Avaltout;100;73;83;73;83;55;467;77.83
318;318.png;Carvanha;45;90;20;65;20;65;305;50.83
319;319.png;Sharpedo;70;120;40;95;40;95;460;76.67
319;319_Méga.png;Méga-Sharpedo;70;140;70;110;65;105;560;93.33
320;320_EB.png;Wailmer;130;70;35;70;35;60;400;66.67
321;321_EB.png;Wailord;170;90;45;90;45;60;500;83.33
322;322.png;Chamallot;60;60;40;65;45;35;305;50.83
323;323.png;Camérupt;70;100;70;105;75;40;460;76.67
323;323_Méga.png;Méga-Camérupt;70;120;100;145;105;20;560;93.33
324;324_EB.png;Chartor;70;85;140;85;70;20;470;78.33
325;325.png;Spoink;60;25;35;70;80;60;330;55.00
326;326.png;Groret;80;45;65;90;110;80;470;78.33
327;327.png;Spinda;60;60;60;60;60;60;360;60.00
328;328_EB.png;Kraknoix;45;100;45;45;45;10;290;48.33
329;329_EB.png;Vibraninf;50;70;50;50;50;70;340;56.67
330;330_EB.png;Libégon;80;100;80;80;80;100;520;86.67
331;331.png;Cacnea;50;85;40;85;40;35;335;55.83
332;332.png;Cacturne;70;115;60;115;60;55;475;79.17
333;333.png;Tylton;45;40;60;40;75;50;310;51.67
334;334.png;Altaria;75;70;90;70;105;80;490;81.67
334;334_Méga.png;Méga-Altaria;75;110;110;110;105;85;595;99.17
335;335.png;Mangriff;73;115;60;60;60;90;458;76.33
336;336.png;Séviper;73;100;60;100;60;65;458;76.33
337;337_EB.png;Séléroc;90;55;65;95;85;70;460;76.67
338;338_EB.png;Solaroc;90;95;85;55;65;70;460;76.67
339;339_EB.png;Barloche;50;48;43;46;41;60;288;48.00
340;340_EB.png;Barbicha;110;78;73;76;71;60;468;78.00
341;341_EB.png;Écrapince;43;80;65;50;35;35;308;51.33
342;342_EB.png;Colhomard;63;120;85;90;55;55;468;78.00
343;343_EB.png;Balbuto;40;40;55;40;70;55;300;50.00
344;344_EB.png;Kaorine;60;70;105;70;120;75;500;83.33
345;345.png;Lilia;66;41;77;61;87;23;355;59.17
346;346.png;Vacilys;86;81;97;81;107;43;495;82.50
347;347.png;Anorith;45;95;50;40;50;75;355;59.17
348;348.png;Armaldo;75;125;100;70;80;45;495;82.50
349;349_EB.png;Barpau;20;15;20;10;55;80;200;33.33
350;350_EB.png;Milobellus;95;60;79;100;125;81;540;90.00
351;351.png;Morphéo;70;70;70;70;70;70;420;70.00
352;352.png;Kecleon;60;90;70;60;120;40;440;73.33
353;353.png;Polichombr;44;75;35;63;33;45;295;49.17
354;354.png;Branette;64;115;65;83;63;65;455;75.83
354;354_Méga.png;Méga-Branette;64;165;75;93;83;75;555;92.50
355;355_EB.png;Skelénox;20;40;90;30;90;25;295;49.17
356;356_EB.png;Téraclope;40;70;130;60;130;25;455;75.83
357;357.png;Tropius;99;68;83;72;87;51;460;76.67
358;358.png;Éoko;75;50;80;95;90;65;455;75.83
359;359.png;Absol;65;130;60;75;60;75;465;77.50
359;359_Méga.png;Méga-Absol;65;150;60;115;60;115;565;94.17
360;360_EB.png;Okéoké;95;23;48;23;48;23;260;43.33
361;361_EB.png;Stalgamin;50;50;50;50;50;50;300;50.00
362;362_EB.png;Oniglali;80;80;80;80;80;80;480;80.00
362;362_Méga.png;Méga-Oniglali;80;120;80;120;80;100;580;96.67
363;363.png;Obalie;70;40;50;55;50;25;290;48.33
364;364.png;Phogleur;90;60;70;75;70;45;410;68.33
365;365.png;Kaimorse;110;80;90;95;90;65;530;88.33
366;366.png;Coquiperl;35;64;85;74;55;32;345;57.50
367;367.png;Serpang;55;104;105;94;75;52;485;80.83
368;368.png;Rosabyss;55;84;105;114;75;52;485;80.83
369;369.png;Relicanth;100;90;130;45;65;55;485;80.83
370;370.png;Lovdisc;43;30;55;40;65;97;330;55.00
371;371.png;Draby;45;75;60;40;30;50;300;50.00
372;372.png;Drackhaus;65;95;100;60;50;50;420;70.00
373;373.png;Drattak;95;135;80;110;80;100;600;100.00
373;373_Méga.png;Méga-Drattak;95;145;130;120;90;120;700;116.67
374;374.png;Terhal;40;55;80;35;60;30;300;50.00
375;375.png;Métang;60;75;100;55;80;50;420;70.00
376;376.png;Métalosse;80;135;130;95;90;70;600;100.00
376;376_Méga.png;Méga-Métalosse;80;145;150;105;110;110;700;116.67
377;377.png;Regirock;80;100;200;50;100;50;580;96.67
378;378.png;Regice;80;50;100;100;200;50;580;96.67
379;379.png;Registeel;80;75;150;75;150;50;580;96.67
380;380.png;Latias;80;80;90;110;130;110;600;100.00
380;380_Méga.png;Méga-Latias;80;100;120;140;150;110;700;116.67
381;381.png;Latios;80;90;80;130;110;110;600;100.00
381;381_Méga.png;Méga-Latios;80;130;100;160;120;110;700;116.67
382;382.png;Kyogre;100;100;90;150;140;90;670;111.67
382;382_Primo.png;Primo-Kyogre;100;150;90;180;160;90;770;128.33
383;383.png;Groudon;100;150;140;100;90;90;670;111.67
383;383_Primo.png;Primo-Groudon;100;180;160;150;90;90;770;128.33
384;384.png;Rayquaza;105;150;90;150;90;95;680;113.33
384;384_Méga.png;Méga-Rayquaza;105;180;100;180;100;115;780;130.00
385;385_EB.png;Jirachi;100;100;100;100;100;100;600;100.00
386;386.png;"Deoxys
(Forme de Base)";50;150;50;150;50;150;600;100.00
386;386_Attaque.png;"Deoxys
(Forme Attaque)";50;180;20;180;20;150;600;100.00
386;386_Défense.png;"Deoxys
(Forme Défense)";50;70;160;70;160;90;600;100.00
386;386_Vitesse.png;"Deoxys
(Forme Vitesse)";50;95;90;95;90;180;600;100.00
387;387.png;Tortipouss;55;68;64;45;55;31;318;53.00
388;388.png;Boskara;75;89;85;55;65;36;405;67.50
389;389.png;Torterra;95;109;105;75;85;56;525;87.50
390;390.png;Ouisticram;44;58;44;58;44;61;309;51.50
391;391.png;Chimpenfeu;64;78;52;78;52;81;405;67.50
392;392.png;Simiabraz;76;104;71;104;71;108;534;89.00
393;393.png;Tiplouf;53;51;53;61;56;40;314;52.33
394;394.png;Prinplouf;64;66;68;81;76;50;405;67.50
395;395.png;Pingoléon;84;86;88;111;101;60;530;88.33
396;396.png;Étourmi;40;55;30;30;30;60;245;40.83
397;397.png;Étourvol;55;75;50;40;40;80;340;56.67
398;398.png;Étouraptor;85;120;70;50;60;100;485;80.83
399;399.png;Keunotor;59;45;40;35;40;31;250;41.67
400;400.png;Castorno;79;85;60;55;60;71;410;68.33
401;401.png;Crikzik;37;25;41;25;41;25;194;32.33
402;402.png;Mélokrik;77;85;51;55;51;65;384;64.00
403;403.png;Lixy;45;65;34;40;34;45;263;43.83
404;404.png;Luxio;60;85;49;60;49;60;363;60.50
405;405.png;Luxray;80;120;79;95;79;70;523;87.17
406;406_EB.png;Rozbouton;40;30;35;50;70;55;280;46.67
407;407_EB.png;Roserade;60;70;65;125;105;90;515;85.83
408;408.png;Kranidos;67;125;40;30;30;58;350;58.33
409;409.png;Charkos;97;165;60;65;50;58;495;82.50
410;410.png;Dinoclier;30;42;118;42;88;30;350;58.33
411;411.png;Bastiodon;60;52;168;47;138;30;495;82.50
412;412_Plante.png;Cheniti;40;29;45;29;45;36;224;37.33
413;413_Plante.png;"Cheniselle
(Cape Plante)";60;59;85;79;105;36;424;70.67
413;413_Sable.png;"Cheniselle
(Cape Sol)";60;79;105;59;85;36;424;70.67
413;413_Déchet.png;"Cheniselle
(Cape Déchet)";60;69;95;69;95;36;424;70.67
414;414.png;Papilord;70;94;50;94;50;66;424;70.67
415;415_EB.png;Apitrini;30;30;42;30;42;70;244;40.67
416;416_EB.png;Apireine;70;80;102;80;102;40;474;79.00
417;417.png;Pachirisu;60;45;70;45;90;95;405;67.50
418;418.png;Mustébouée;55;65;35;60;30;85;330;55.00
419;419.png;Mustéflott;85;105;55;85;50;115;495;82.50
420;420_EB.png;Ceribou;45;35;45;62;53;35;275;45.83
421;421_Couvert_EB.png;Ceriflor;70;60;70;87;78;85;450;75.00
422;422_Occident_EB.png;Sancoki;76;48;48;57;62;34;325;54.17
423;423_Occident_EB.png;Tritosor;111;83;68;92;82;39;475;79.17
424;424.png;Capidextre;75;100;66;60;66;115;482;80.33
425;425_EB.png;Baudrive;90;50;34;60;44;70;348;58.00
426;426_EB.png;Grodrive;150;80;44;90;54;80;498;83.00
427;427.png;Laporeille;55;66;44;44;56;85;350;58.33
428;428.png;Lockpin;65;76;84;54;96;105;480;80.00
428;428_Méga.png;Méga-Lockpin;65;136;94;54;96;135;580;96.67
429;429.png;Magirêve;60;60;60;105;105;105;495;82.50
430;430.png;Corboss;100;125;52;105;52;71;505;84.17
431;431.png;Chaglam;49;55;42;42;37;85;310;51.67
432;432.png;Chaffreux;71;82;64;64;59;112;452;75.33
433;433.png;Korillon;45;30;50;65;50;45;285;47.50
434;434_EB.png;Moufouette;63;63;47;41;41;74;329;54.83
435;435_EB.png;Moufflair;103;93;67;71;61;84;479;79.83
436;436_EB.png;Archéomire;57;24;86;24;86;23;300;50.00
437;437_EB.png;Archéodong;67;89;116;79;116;33;500;83.33
438;438_EB.png;Manzaï;50;80;95;10;45;10;290;48.33
439;439_EB.png;Mime Jr.;20;25;45;70;90;60;310;51.67
440;440.png;Ptiravi;100;5;5;15;65;30;220;36.67
441;441.png;Pijako;76;65;45;92;42;91;411;68.50
442;442.png;Spiritomb;50;92;108;92;108;35;485;80.83
443;443.png;Griknot;58;70;45;40;45;42;300;50.00
444;444.png;Carmache;68;90;65;50;55;82;410;68.33
445;445.png;Carchacrok;108;130;95;80;85;102;600;100.00
445;445_Méga.png;Méga-Carchacrok;108;170;115;120;95;92;700;116.67
446;446_EB.png;Goinfrex;135;85;40;40;85;5;390;65.00
447;447_EB.png;Riolu;40;70;40;35;40;60;285;47.50
448;448_EB.png;Lucario;70;110;70;115;70;90;525;87.50
448;448_Méga.png;Méga-Lucario;70;145;88;140;70;112;625;104.17
449;449_EB.png;Hippopotas;68;72;78;38;42;32;330;55.00
450;450_EB.png;Hippodocus;108;112;118;68;72;47;525;87.50
451;451_EB.png;Rapion;40;50;90;30;55;65;330;55.00
452;452_EB.png;Drascore;70;90;110;60;75;95;500;83.33
453;453_EB.png;Cradopaud;48;61;40;61;40;50;300;50.00
454;454_EB.png;Coatox;83;106;65;86;65;85;490;81.67
455;455.png;Vortente;74;100;72;90;72;46;454;75.67
456;456.png;Écayon;49;49;56;49;61;66;330;55.00
457;457.png;Luminéon;69;69;76;69;86;91;460;76.67
458;458_EB.png;Babimanta;45;20;50;60;120;50;345;57.50
459;459_EB.png;Blizzi;60;62;50;62;60;40;334;55.67
460;460_EB.png;Blizzaroi;90;92;75;92;85;60;494;82.33
460;460_Méga.png;Méga-Blizzaroi;90;132;105;132;105;30;594;99.00
461;461_EB.png;Dimoret;70;120;65;45;85;125;510;85.00
462;462.png;Magnézone;70;70;115;130;90;60;535;89.17
463;463.png;Coudlangue;110;85;95;80;95;50;515;85.83
464;464_EB.png;Rhinastoc;115;140;130;55;55;40;535;89.17
465;465.png;Bouldeneu;100;100;125;110;50;50;535;89.17
466;466.png;Élekable;75;123;67;95;85;95;540;90.00
467;467.png;Maganon;75;95;67;125;95;83;540;90.00
468;468_EB.png;Togekiss;85;50;95;120;115;80;545;90.83
469;469.png;Yanmega;86;76;86;116;56;95;515;85.83
470;470_EB.png;Phyllali;65;110;130;60;65;95;525;87.50
471;471_EB.png;Givrali;65;60;110;130;95;65;525;87.50
472;472.png;Scorvol;75;95;125;45;75;95;510;85.00
473;473_EB.png;Mammochon;110;130;80;70;60;80;530;88.33
474;474.png;Porygon-Z;85;80;70;135;75;90;535;89.17
475;475_EB.png;Gallame;68;125;65;65;115;80;518;86.33
475;475_Méga.png;Méga-Gallame;68;165;95;65;115;110;618;103.00
476;476.png;Tarinorme;60;55;145;75;150;40;525;87.50
477;477_EB.png;Noctunoir;45;100;135;65;135;45;525;87.50
478;478_EB.png;Momartik;70;80;70;80;70;110;480;80.00
479;479_EB.png;"Motisma
(Forme Normale)";50;50;77;95;77;91;440;73.33
479;479_Chaleur_EB.png;"Motisma
(Forme Chaleur)";50;65;107;105;107;86;520;86.67
479;479_Lavage_EB.png;"Motisma
(Forme Lavage)";50;65;107;105;107;86;520;86.67
479;479_Froid_EB.png;"Motisma
(Forme Froid)";50;65;107;105;107;86;520;86.67
479;479_Tonte_EB.png;"Motisma
(Forme Tonte)";50;65;107;105;107;86;520;86.67
479;479_Hélice_EB.png;"Motisma
(Forme Hélice)";50;65;107;105;107;86;520;86.67
480;480.png;Créhelf;75;75;130;75;130;95;580;96.67
481;481.png;Créfollet;80;105;105;105;105;80;580;96.67
482;482.png;Créfadet;75;125;70;125;70;115;580;96.67
483;483.png;Dialga;100;120;120;150;100;90;680;113.33
484;484.png;Palkia;90;120;100;150;120;100;680;113.33
485;485.png;Heatran;91;90;106;130;106;77;600;100.00
486;486.png;Regigigas;110;160;110;80;110;100;670;111.67
487;487_Alternative.png;"Giratina
(Forme Alternative)";150;100;120;100;120;90;680;113.33
487;487_Originelle.png;"Giratina
(Forme Originelle)";150;120;100;120;100;90;680;113.33
488;488.png;Cresselia;120;70;120;75;130;85;600;100.00
489;489.png;Phione;80;80;80;80;80;80;480;80.00
490;490.png;Manaphy;100;100;100;100;100;100;600;100.00
491;491.png;Darkrai;70;90;90;135;90;125;600;100.00
492;492_Terrestre.png;"Shaymin
(Forme Terrestre)";100;100;100;100;100;100;600;100.00
492;492_Céleste.png;"Shaymin
(Forme Céleste)";100;103;75;120;75;127;600;100.00
493;493.png;Arceus;120;120;120;120;120;120;720;120.00
494;494.png;Victini;100;100;100;100;100;100;600;100.00
495;495.png;Vipélierre;45;45;55;45;55;63;308;51.33
496;496.png;Lianaja;60;60;75;60;75;83;413;68.83
497;497.png;Majaspic;75;75;95;75;95;113;528;88.00
498;498.png;Gruikui;65;63;45;45;45;45;308;51.33
499;499.png;Grotichon;90;93;55;70;55;55;418;69.67
500;500.png;Roitiflam;110;123;65;100;65;65;528;88.00
501;501.png;Moustillon;55;55;45;63;45;45;308;51.33
502;502.png;Mateloutre;75;75;60;83;60;60;413;68.83
503;503.png;Clamiral;95;100;85;108;70;70;528;88.00
504;504.png;Ratentif;45;55;39;35;39;42;255;42.50
505;505.png;Miradar;60;85;69;60;69;77;420;70.00
506;506.png;Ponchiot;45;60;45;25;45;55;275;45.83
507;507.png;Ponchien;65;80;65;35;65;60;370;61.67
508;508.png;Mastouffe;85;110;90;45;90;80;500;83.33
509;509_EB.png;Chacripan;41;50;37;50;37;66;281;46.83
510;510_EB.png;Léopardus;64;88;50;88;50;106;446;74.33
511;511.png;Feuillajou;50;53;48;53;48;64;316;52.67
512;512.png;Feuiloutan;75;98;63;98;63;101;498;83.00
513;513.png;Flamajou;50;53;48;53;48;64;316;52.67
514;514.png;Flamoutan;75;98;63;98;63;101;498;83.00
515;515.png;Flotajou;50;53;48;53;48;64;316;52.67
516;516.png;Flotoutan;75;98;63;98;63;101;498;83.00
517;517_EB.png;Munna;76;25;45;67;55;24;292;48.67
518;518_EB.png;Mushana;116;55;85;107;95;29;487;81.17
519;519_EB.png;Poichigeon;50;55;50;36;30;43;264;44.00
520;520_EB.png;Colombeau;62;77;62;50;42;65;358;59.67
521;521_♂_EB.png;Déflaisan;80;115;80;65;55;93;483;81.33
522;522.png;Zébibron;45;60;32;50;32;76;295;49.17
523;523.png;Zéblitz;75;100;63;80;63;116;497;82.83
524;524_EB.png;Nodulithe;55;75;85;25;25;15;280;46.67
525;525_EB.png;Géolithe;70;105;105;50;40;20;390;65.00
526;526_EB.png;Gigalithe;85;135;130;60;80;25;515;85.83
527;527_EB.png;Chovsourir;65;45;43;55;43;72;323;53.83
528;528_EB.png;Rhinolove;67;57;55;77;55;114;425;70.83
529;529_EB.png;Rototaupe;60;85;40;30;45;68;425;54.67
530;530_EB.png;Minotaupe;110;135;60;50;65;88;508;84.67
531;531.png;Nanméouïe;103;60;86;60;86;50;445;74.17
531;531_Méga.png;Méga-Nanméouïe;103;60;126;80;126;50;545;90.83
532;532_EB.png;Charpenti;75;80;55;25;35;35;305;50.83
533;533_EB.png;Ouvrifier;85;105;85;40;50;40;405;67.50
534;534_EB.png;Bétochef;105;140;95;55;65;45;505;84.17
535;535_EB.png;Tritonde;50;50;40;50;40;64;294;49.00
536;536_EB.png;Batracné;75;65;55;65;55;69;384;64.00
537;537_EB.png;Crapustule;105;95;75;85;75;74;509;84.83
538;538_EB.png;Judokrak;120;100;85;30;85;45;465;77.50
539;539_EB.png;Karaclée;75;125;75;30;75;85;465;77.50
540;540.png;Larveyette;45;53;70;40;60;42;310;51.67
541;541.png;Couverdure;55;63;90;50;80;42;380;63.33
542;542.png;Manternel;75;103;80;70;80;93;501;83.50
543;543.png;Venipatte;30;45;59;30;39;57;260;43.33
544;544.png;Scobolide;40;55;99;40;79;47;360;60.00
545;545.png;Brutapode;60;100;89;55;69;112;485;80.83
546;546_EB.png;Doudouvet;40;27;60;37;50;66;280;46.67
547;547_EB.png;Farfaduvet;60;67;85;77;75;116;480;80.00
548;548.png;Chlorobule;45;35;50;70;50;30;280;46.67
549;549.png;Fragilady;70;60;75;110;75;90;480;80.00
550;550_Rouge_EB.png;Bargantua;70;92;65;80;55;98;460;76.67
551;551.png;Mascaïman;50;72;35;35;35;65;292;48.67
552;552.png;Escroco;60;82;45;45;45;74;351;58.50
553;553.png;Crocorible;95;117;80;65;70;92;519;86.50
554;554_EB.png;Darumarond;70;90;45;15;45;50;315;52.50
554;554_Galar_EB.png;Darumarond de Galar;70;90;45;15;45;50;315;52.50
555;555_EB.png;"Darumacho
(Mode Normal)";105;140;55;30;55;95;480;80.00
555;555_Transe_EB.png;"Darumacho
(Mode Daruma)";105;30;105;140;105;55;540;90.00
555;555_Galar_EB.png;"Darumacho de Galar
(Mode Normal)";105;140;55;30;55;95;480;80.00
555;555_Galar_Transe_EB.png;"Darumacho de Galar
(Mode Transe)";105;160;55;30;55;135;540;90.00
556;556_EB.png;Maracachi;75;86;67;106;67;60;461;76.83
557;557_EB.png;Crabicoque;50;65;85;35;35;55;325;54.17
558;558_EB.png;Crabaraque;70;105;125;65;75;45;485;80.83
559;559_EB.png;Baggiguane;50;75;70;35;70;48;348;58.00
560;560_EB.png;Baggaïd;65;90;115;45;115;58;488;81.33
561;561_EB.png;Cryptéro;72;58;80;103;80;97;490;81.67
562;562_EB.png;Tutafeh;38;30;85;55;65;30;303;50.50
562;562_Galar_EB.png;Tutafeh de Galar;38;55;85;30;65;30;303;50.50
563;563_EB.png;Tutankafer;58;50;145;95;105;30;483;80.50
564;564.png;Carapagos;54;78;103;53;45;22;355;59.17
565;565.png;Mégapagos;74;108;133;83;65;32;495;82.50
566;566.png;Arkéapti;55;112;45;74;45;70;401;66.83
567;567.png;Aéroptéryx;75;140;65;112;65;110;567;94.50
568;568_EB.png;Miamiasme;50;50;62;40;62;65;329;54.83
569;569_EB.png;Miasmax;80;95;82;60;82;75;474;79.00
570;570.png;Zorua;40;65;40;80;40;65;330;55.00
571;571.png;Zoroark;60;105;60;120;60;105;510;85.00
572;572_EB.png;Chinchidou;55;50;40;40;40;75;300;50.00
573;573_EB.png;Pashmilla;75;95;60;65;60;115;470;78.33
574;574_EB.png;Scrutella;45;30;50;55;65;45;290;48.33
575;575_EB.png;Mesmérella;60;45;70;75;85;55;390;65.00
576;576_EB.png;Sidérella;70;55;95;95;110;65;490;81.67
577;577_EB.png;Nucléos;45;30;40;105;50;20;290;48.33
578;578_EB.png;Méios;65;40;50;125;60;30;370;61.67
579;579_EB.png;Symbios;110;65;75;125;85;30;490;81.67
580;580.png;Couaneton;62;44;50;44;50;55;305;50.83
581;581.png;Lakmécygne;75;87;63;87;63;98;473;78.83
582;582_EB.png;Sorbébé;36;50;50;65;60;44;305;50.83
583;583_EB.png;Sorboul;51;65;65;80;75;59;395;65.83
584;584_EB.png;Sorbouboul;71;95;85;110;95;79;535;89.17
585;585_Printemps.png;Vivaldaim;60;60;50;40;50;75;335;55.83
586;586_Printemps.png;Haydaim;80;100;70;60;70;95;475;79.17
587;587.png;Emolga;55;75;60;75;60;103;428;71.33
588;588_EB.png;Carabing;50;75;45;40;45;60;315;52.50
589;589_EB.png;Lançargot;70;135;105;60;105;20;495;82.50
590;590.png;Trompignon;69;55;45;55;55;15;294;49.00
591;591.png;Gaulet;114;85;70;85;80;30;464;77.33
592;592_♂_EB.png;Viskuse;55;40;50;65;85;40;335;55.83
593;593_♂_EB.png;Moyade;100;60;70;85;105;60;480;80.00
594;594.png;Mamanbo;165;75;80;40;45;65;470;78.33
595;595_EB.png;Statitik;50;47;50;57;50;65;319;53.17
596;596_EB.png;Mygavolt;70;77;60;97;60;108;472;78.67
597;597_EB.png;Grindur;44;50;91;24;86;10;305;50.83
598;598_EB.png;Noacier;74;94;131;54;116;20;489;81.50
599;599_EB.png;Tic;40;55;70;45;60;30;300;50.00
600;600_EB.png;Clic;60;80;95;70;85;50;440;73.33
601;601_EB.png;Cliticlic;60;100;115;70;85;90;520;86.67
602;602.png;Anchwatt;35;55;40;45;40;60;275;45.83
603;603.png;Lampéroie;65;85;70;75;70;40;405;67.50
604;604.png;Ohmassacre;85;115;80;105;80;50;515;85.83
605;605_EB.png;Lewsor;55;55;55;85;55;30;335;55.83
606;606_EB.png;Neitram;75;75;75;125;95;40;485;80.83
607;607_EB.png;Funécire;50;30;55;65;55;20;275;45.83
608;608_EB.png;Mélancolux;60;40;60;95;60;55;370;61.67
609;609_EB.png;Lugulabre;60;55;90;145;90;80;520;86.67
610;610_EB.png;Coupenotte;46;87;60;30;40;57;320;53.33
611;611_EB.png;Incisache;66;117;70;40;50;67;410;68.33
612;612_EB.png;Tranchodon;76;147;90;60;70;97;540;90.00
613;613_EB.png;Polarhume;55;70;40;60;40;40;305;50.83
614;614_EB.png;Polagriffe;95;130;80;70;80;50;505;84.17
615;615.png;Hexagel;80;50;50;95;135;105;505;85.83
616;616_EB.png;Escargaume;50;40;85;40;65;25;305;50.83
617;617_EB.png;Limaspeed;80;70;40;100;60;145;495;82.50
618;618_EB.png;Limonde;109;66;84;81;99;32;471;78.50
618;618_Galar_EB.png;Limonde de Galar;109;81;99;66;84;32;471;78.50
619;619.png;Kungfouine;45;85;50;55;50;65;350;58.33
620;620.png;Shaofouine;65;125;60;95;60;105;510;85.00
621;621.png;Drakkarmin;77;120;90;60;90;48;485;80.83
622;622_EB.png;Gringolem;59;74;50;35;50;35;303;50.50
623;623_EB.png;Golemastoc;89;124;80;55;80;55;483;80.50
624;624_EB.png;Scalpion;45;85;70;40;40;60;340;56.67
625;625_EB.png;Scalproie;65;125;100;60;70;70;490;81.67
626;626.png;Frison;95;110;95;40;95;55;490;81.67
627;627_EB.png;Furaiglon;70;83;50;37;50;60;350;58.33
628;628_EB.png;Gueriaigle;100;123;75;57;75;80;510;85.00
629;629_EB.png;Vostourno;70;55;75;45;65;60;370;61.67
630;630_EB.png;Vaututrice;110;65;105;55;95;80;510;85.00
631;631_EB.png;Aflamanoir;85;97;66;105;66;65;484;80.67
632;632_EB.png;Fermite;58;109;112;48;48;109;484;80.67
633;633_EB.png;Solochi;52;65;50;45;50;38;300;50.00
634;634_EB.png;Diamat;72;85;70;65;70;58;420;70.00
635;635_EB.png;Trioxhydre;92;105;90;125;90;98;600;100.00
636;636.png;Pyronille;55;85;55;50;55;60;360;60.00
637;637.png;Pyrax;85;60;65;135;105;100;550;91.67
638;638_EB.png;Cobaltium;91;90;129;90;72;108;580;96.67
639;639_EB.png;Terrakium;91;129;90;72;90;108;580;96.67
640;640_EB.png;Viridium;91;90;72;90;129;108;580;96.67
641;641_Avatar.png;"Boréas
(Forme Avatar)";79;115;70;125;80;111;580;96.67
641;641_Totémique.png;"Boréas
(Forme Totémique)";79;100;80;110;90;121;580;96.67
642;642_Avatar.png;"Fulguris
(Forme Avatar)";79;115;70;125;80;111;580;96.67
642;642_Totémique.png;"Fulguris
(Forme Totémique)";79;105;70;145;80;101;580;96.67
643;643_EB.png;Reshiram;100;120;100;150;120;90;680;113.33
644;644_EB.png;Zekrom;100;150;120;120;100;90;680;113.33
645;645_Avatar.png;"Démétéros
(Forme Avatar)";89;125;90;115;80;101;600;100.00
645;645_Totémique.png;"Démétéros
(Forme Totémique)";89;145;90;105;80;91;600;100.00
646;646_EB.png;Kyurem;125;130;90;130;90;95;660;110.00
646;646_Noir_EB.png;Kyurem Noir;125;170;100;120;90;95;700;116.67
646;646_Blanc_EB.png;Kyurem Blanc;125;120;90;170;100;95;700;116.67
647;647_EB.png;Keldeo;91;72;90;129;90;108;580;96.67
648;648_Chant.png;"Meloetta
(Forme Voix)";100;77;77;128;128;90;600;100.00
648;648_Danse.png;"Meloetta
(Forme Danse)";100;128;90;77;77;128;600;100.00
649;649.png;Genesect;71;120;95;120;95;99;600;100.00
650;650.png;Marisson;56;61;65;48;45;38;313;52.17
651;651.png;Boguérisse;61;78;95;56;58;57;405;67.50
652;652.png;Blindépique;88;107;122;74;75;64;530;88.33
653;653.png;Feunnec;40;45;40;62;60;60;307;51.17
654;654.png;Roussil;59;59;58;90;70;73;409;68.17
655;655.png;Goupelin;75;69;72;114;100;104;534;89.00
656;656.png;Grenousse;41;56;40;62;44;71;314;52.33
657;657.png;Croâporal;54;63;52;83;56;97;405;67.50
658;658.png;Amphinobi;72;95;67;103;71;122;530;88.33
658;658_Sacha.png;"Amphinobi
(Forme Sacha)";72;145;67;153;71;132;640;106.67
659;659_EB.png;Sapereau;38;36;38;32;36;57;237;39.50
660;660_EB.png;Excavarenne;85;56;77;50;77;78;423;70.50
661;661.png;Passerouge;45;50;43;40;38;62;278;46.33
662;662.png;Braisillon;62;73;55;56;52;84;382;63.67
663;663.png;Flambusard;78;81;71;74;69;126;499;83.17
664;664.png;Lépidonille;38;35;40;27;25;35;200;33.33
665;665.png;Pérégrain;45;22;60;37;30;29;223;37.17
666;666_Floraison.png;Prismillon;80;52;50;90;50;89;411;68.50
667;667.png;Hélionceau;62;50;58;73;54;72;369;61.50
668;668_♂.png;Némélios;86;68;72;109;66;106;507;84.50
669;669_Rouge.png;Flabébé;44;38;39;61;79;42;303;50.50
670;670_Rouge.png;Floette;58;54;52;90;116;63;433;72.17
671;671_Rouge.png;Florges;78;65;68;112;154;75;552;92.00
672;672.png;Cabriolaine;66;65;48;62;57;52;350;58.33
673;673.png;Chevroum;123;100;62;97;81;68;531;88.50
674;674_EB.png;Pandespiègle;67;82;62;46;48;43;348;58.00
675;675_EB.png;Pandarbare;95;124;78;69;71;58;495;82.50
676;676_Sauvage.png;Couafarel;75;80;60;65;90;102;472;78.67
677;677_EB.png;Psystigri;60;22;62;72;72;95;383;63.83
678;678_♂_EB.png;Mistigrix;74;48;76;83;81;104;466;77.67
679;679_EB.png;Monorpale;45;80;100;35;37;28;335;54.17
680;680_EB.png;Dimoclès;59;110;150;45;49;35;448;74.67
681;681_Assaut_EB.png;"Exagide
(Forme Assaut)";60;140;50;140;50;60;500;83.33
681;681_Parade_EB.png;"Exagide
(Forme Parade)";60;50;140;50;140;60;500;83.33
682;682_EB.png;Fluvetin;78;52;60;63;65;23;341;56.83
683;683_EB.png;Cocotine;100;65;75;95;90;30;455;75.83
684;684_EB.png;Sucroquin;62;48;66;59;57;49;341;56.83
685;685_EB.png;Cupcanaille;82;80;86;85;75;72;480;80.00
686;686_EB.png;Sepiatop;53;54;53;37;46;45;288;48.00
687;687_EB.png;Sepiatroce;86;92;88;68;73;75;482;80.33
688;688_EB.png;Opermine;50;95;95;30;80;60;410;68.33
689;689_EB.png;Golgopathe;72;105;115;54;86;68;500;83.33
690;690.png;Venalgue;50;60;60;60;60;30;320;53.33
691;691.png;Kravarech;65;75;90;97;123;44;494;82.33
692;692.png;Flingouste;50;53;62;58;63;44;330;55.00
693;693.png;Gamblast;71;73;88;120;89;59;500;83.33
694;694_EB.png;Galvaran;44;38;33;61;43;70;289;48.17
695;695_EB.png;Iguolta;62;55;52;109;94;109;481;80.17
696;696.png;Ptyranidur;58;89;77;45;45;48;362;60.33
697;697.png;Rexillius;82;121;119;69;59;71;521;86.83
698;698.png;Amagara;77;59;50;67;63;46;362;60.33
699;699.png;Dragmara;123;77;72;99;92;58;521;86.83
700;700_EB.png;Nymphali;95;65;65;110;130;60;525;87.50
701;701_EB.png;Brutalibré;78;92;75;74;63;118;500;83.33
702;702.png;Dedenne;67;58;57;81;67;101;431;71.83
703;703.png;Strassie;50;50;150;50;150;50;500;83.33
704;704_EB.png;Mucuscule;40;50;30;70;100;45;335;55.83
705;705_EB.png;Colimucus;50;70;50;90;120;65;455;74.17
706;706_EB.png;Muplodocus;90;100;70;110;150;80;600;100.00
707;707.png;Trousselin;57;80;91;80;87;75;470;78.33
708;708_EB.png;Brocélôme;43;70;48;50;60;38;309;51.50
709;709_EB.png;Desséliande;85;110;76;65;82;56;474;79.00
710;710_EB.png;"Pitrouille
(Taille Mini)";44;66;70;44;55;56;335;55.83
710;710_EB.png;"Pitrouille
(Taille Normale)";49;66;70;44;55;51;335;55.83
710;710_EB.png;"Pitrouille
(Taille Maxi)";54;66;70;44;55;46;335;55.83
710;710_EB.png;"Pitrouille
(Taille Ultra)";59;66;70;44;55;41;335;55.83
711;711_EB.png;"Banshitrouye
(Taille Mini)";55;85;122;58;75;99;494;82.33
711;711_EB.png;"Banshitrouye
(Taille Normale)";65;90;122;58;75;84;494;82.33
711;711_EB.png;"Banshitrouye
(Taille Maxi)";75;95;122;58;75;69;494;82.33
711;711_EB.png;"Banshitrouye
(Taille Ultra)";85;100;122;58;75;54;494;82.33
712;712_EB.png;Grelaçon;55;69;85;32;35;28;304;50.67
713;713_EB.png;Séracrawl;95;117;184;44;46;28;514;85.67
714;714_EB.png;Sonistrelle;40;30;35;45;40;55;245;40.83
715;715_EB.png;Bruyverne;85;70;80;97;80;123;535;89.17
716;716_Déchaîné.png;Xerneas;126;131;95;131;98;99;680;113.33
717;717.png;Yveltal;126;131;95;131;98;99;680;113.33
718;718_10%.png;"Zygarde
(Forme 10%)";54;100;71;61;85;115;486;81.00
718;718_50%.png;"Zygarde
(Forme 50%)";108;100;121;81;95;95;600;100.00
718;718_Parfaite.png;"Zygarde
(Forme Parfaite)";216;100;121;91;95;85;708;118.00
719;719.png;Diancie;50;100;150;100;150;50;600;100.00
719;719_Méga.png;Méga-Diancie;50;160;110;160;110;110;700;116.67
720;720_Enchaînée.png;"Hoopa
(Forme Enchaînée)";80;110;60;150;130;70;600;100.00
720;720_Déchaînée.png;"Hoopa
(Forme Déchaînée)";80;160;60;170;130;80;680;113.33
721;721.png;Volcanion;80;110;120;130;90;70;600;100.00
722;722_EB.png;Brindibou;68;55;55;50;50;42;320;53.33
723;723_EB.png;Efflèche;78;75;75;70;70;52;420;70.00
724;724_EB.png;Archéduc;78;107;75;100;100;70;530;88.33
725;725_EB.png;Flamiaou;45;65;40;60;40;70;320;53.33
726;726_EB.png;Matoufeu;65;85;50;80;50;90;420;70.00
727;727_EB.png;Félinferno;95;115;90;80;90;60;530;88.33
728;728_EB.png;Otaquin;50;54;54;66;56;40;320;53.33
729;729_EB.png;Otarlette;60;69;69;91;81;50;420;70.00
730;730_EB.png;Oratoria;80;74;74;126;116;60;530;88.33
731;731.png;Picassaut;35;75;30;30;30;65;265;44.17
732;732.png;Piclairon;55;85;50;40;50;75;355;59.17
733;733.png;Bazoucan;80;120;75;75;75;60;485;80.83
734;734.png;Manglouton;45;70;30;30;30;45;250;41.67
735;735.png;Argouste;88;110;60;55;60;45;418;69.67
736;736_EB.png;Larvibule;47;62;45;55;45;46;300;50.00
737;737_EB.png;Chrysapile;57;85;95;55;75;36;400;67.17
738;738_EB.png;Lucanon;77;70;90;145;75;43;500;83.33
739;739.png;Crabagarre;47;82;57;42;47;63;338;56.33
740;740.png;Crabominable;97;132;77;62;67;43;478;79.67
741;741_Flamenco.png;Plumeline;75;70;70;98;70;93;476;79.33
742;742_EB.png;Bombydou;40;45;40;55;40;84;304;50.67
743;743_EB.png;Rubombelle;60;55;60;95;70;124;464;77.33
744;744.png;Rocabot;45;65;40;30;40;60;280;46.67
745;745_Diurne.png;"Lougaroc 
(Forme Diurne)";75;115;65;55;65;112;487;81.17
745;745_Nocturne.png;"Lougaroc 
(Forme Nocturne)";85;115;75;55;75;82;487;81.17
745;745_Crépusculaire.png;"Lougaroc 
(Forme Crépusculaire)";75;117;65;55;65;110;487;81.17
746;746_Solitaire_EB.png;Froussardine;45;20;20;25;25;40;175;29.17
746;746_Banc_EB.png;"Froussardine 
(Forme Banc)";45;140;130;140;135;30;620;103.33
747;747_EB.png;Vorastérie;50;53;62;43;52;45;305;50.83
748;748_EB.png;Prédastérie;50;63;152;53;142;35;495;82.50
749;749_EB.png;Tiboudet;70;100;70;45;55;45;385;64.17
750;750_EB.png;Bourrinos;100;125;100;55;85;35;500;83.33
751;751_EB.png;Araqua;38;40;52;40;72;27;269;44.83
752;752_EB.png;Tarenbulle;68;70;92;50;132;42;454;75.67
753;753.png;Mimantis;40;55;35;50;35;35;250;41.67
754;754.png;Floramantis;70;105;90;80;90;45;480;80.00
755;755_EB.png;Spododo;40;35;55;65;75;15;285;47.50
756;756_EB.png;Lampignon;60;45;80;90;100;30;405;67.50
757;757_EB.png;Tritox;48;44;40;71;40;77;320;53.33
758;758_EB.png;Malamandre;68;64;60;111;60;117;480;80.00
759;759_EB.png;Nounourson;70;75;50;45;50;50;340;56.67
760;760_EB.png;Chelours;120;125;80;55;60;60;500;83.33
761;761_EB.png;Croquine;42;30;38;30;38;32;210;35.00
762;762_EB.png;Candine;52;40;48;40;48;62;290;48.33
763;763_EB.png;Sucreine;72;120;98;50;98;72;510;85.00
764;764.png;Guérilande;51;52;90;82;110;100;485;80.83
765;765_EB.png;Gouroutan;90;60;80;90;110;60;490;81.67
766;766_EB.png;Quartermac;100;120;90;40;60;80;490;81.67
767;767_EB.png;Sovkipou;25;35;40;20;30;80;230;38.33
768;768_EB.png;Sarmuraï;75;125;140;60;90;40;530;88.33
769;769.png;Bacabouh;55;55;80;70;45;15;320;53.33
770;770.png;Trépassable;85;75;110;100;75;35;480;80.00
771;771_EB.png;Concombaffe;55;60;130;30;130;5;410;68.33
772;772_EB.png;Type:0;95;95;95;95;95;59;534;89.00
773;773_EB.png;Silvallié;95;95;95;95;95;95;570;95.00
774;774_Météore.png;"Météno
(Forme Météore)";60;60;100;60;100;60;440;73.33
774;774_Rouge.png;"Météno
(Forme Noyau)";60;100;60;100;60;120;500;83.33
775;775.png;Dodoala;65;115;65;75;95;65;480;80.00
776;776_EB.png;Boumata;60;78;135;91;85;36;485;80.83
777;777_EB.png;Togedemaru;65;98;63;40;73;96;435;72.50
778;778_EB.png;Mimiqui;55;90;80;50;105;96;476;79.33
779;779.png;Denticrisse;68;105;70;70;70;92;475;79.17
780;780_EB.png;Draïeul;78;60;85;135;91;36;485;80.83
781;781_EB.png;Sinistrail;70;131;100;86;90;40;517;86.17
782;782_EB.png;Bébécaille;45;55;65;45;45;45;300;50.00
783;783_EB.png;Écaïd;55;75;90;65;70;65;420;70.00
784;784_EB.png;Ékaïser;75;110;125;100;105;85;600;100.00
785;785.png;Tokorico;70;115;85;95;75;130;570;95.00
786;786.png;Tokopiyon;70;85;75;130;115;95;570;95.00
787;787.png;Tokotoro;70;130;115;85;95;75;570;95.00
788;788.png;Tokopisco;70;75;115;95;130;85;570;95.00
789;789_EB.png;Cosmog;43;29;31;29;31;37;200;33.33
790;790_EB.png;Cosmovum;43;29;131;29;131;37;400;66.67
791;791_EB.png;Solgaleo;137;137;107;113;89;97;680;113.33
792;792_EB.png;Lunala;137;113;89;137;107;97;680;113.33
793;793.png;Zéroïd;109;53;47;127;131;103;570;95.00
794;794.png;Mouscoto;107;139;139;53;53;79;570;95.00
795;795.png;Cancrelove;71;137;37;137;37;151;570;95.00
796;796.png;Câblifère;83;89;71;173;71;83;570;95.00
797;797.png;Bamboiselle;97;101;103;107;101;61;570;95.00
798;798.png;Katagami;59;181;131;59;31;109;570;95.00
799;799.png;Engloutyran;223;101;53;97;53;43;570;95.00
800;800_EB.png;Necrozma;97;107;101;127;89;79;600;100.00
800;800_Ailes_de_l&#39;Necrozma Ailes de l'Aurore;97;113;109;157;127;77;680;113.33
800;800_Crinière_du_Couchant_EB.png;Necrozma Crinière du Couchant;97;157;127;113;109;77;680;113.33
800;800_Ultra.png;Ultra-Necrozma;97;167;97;167;97;129;754;125.67
801;801.png;Magearna;80;95;115;130;115;65;600;100.00
802;802_EB.png;Marshadow;90;125;80;90;90;125;600;100.00
803;803.png;Vémini;67;73;67;73;67;73;420;70.00
804;804.png;Mandrillon;73;73;73;127;73;121;540;90.00
805;805.png;Ama-Ama;61;131;211;53;101;13;570;95.00
806;806.png;Pierroteknik;53;127;53;151;79;107;570;95.00
807;807_EB.png;Zeraora;88;112;75;102;80;143;600;100.00
808;808_LGPE.png;Meltan;46;65;65;55;35;34;300;50.00
809;809_LGPE.png;Melmetal;135;143;143;80;65;34;600;100.00
810;810_EB.png;Ouistempo;50;65;50;40;40;65;310;51.67
811;811_EB.png;Badabouin;70;85;70;55;60;80;420;70.00
812;812_EB.png;Gorythmic;100;125;90;60;70;85;530;88.33
813;813_EB.png;Flambino;50;71;40;40;40;69;310;51.67
814;814_EB.png;Lapyro;65;86;60;55;60;94;420;70.00
815;815_EB.png;Pyrobut;80;116;75;65;75;119;530;88.33
816;816_EB.png;Larméléon;50;40;40;70;40;70;310;51.67
817;817_EB.png;Arrozard;65;60;55;95;55;90;420;70.00
818;818_EB.png;Lézargus;70;85;65;125;65;120;530;88.33
819;819_EB.png;Rongourmand;70;55;55;35;35;25;275;45.83
820;820_EB.png;Rongrigou;120;95;95;55;75;20;460;76.67
821;821_EB.png;Minisange;38;47;35;33;35;57;245;40.83
822;822_EB.png;Bleuseille;68;67;55;43;55;77;365;60.83
823;823_EB.png;Corvaillus;98;87;105;53;85;67;495;82.50
824;824_EB.png;Larvadar;25;20;20;25;45;45;180;30.00
825;825_EB.png;Coléodôme;50;35;80;50;90;30;335;55.83
826;826_EB.png;Astronelle;60;45;110;80;120;90;505;84.17
827;827_EB.png;Goupilou;40;28;28;47;52;50;245;40.83
828;828_EB.png;Roublenard;70;58;58;87;92;90;455;75.83
829;829_EB.png;Tournicoton;40;40;60;40;60;10;250;41.67
830;830_EB.png;Blancoton;60;50;90;80;120;60;460;76.67
831;831_EB.png;Moumouton;42;40;55;40;45;48;270;45.00
832;832_EB.png;Moumouflon;72;80;100;60;90;88;490;81.67
833;833_EB.png;Khélocrok;50;64;50;38;38;44;284;47.33
834;834_EB.png;Torgamord;90;115;90;48;68;74;485;80.83
835;835_EB.png;Voltoutou;59;45;50;40;50;26;270;45.00
836;836_EB.png;Fulgudog;69;90;60;90;60;121;490;81.67
837;837_EB.png;Charbi;30;40;50;40;50;30;240;40.00
838;838_EB.png;Wagomine;80;60;90;60;70;50;410;68.33
839;839_EB.png;Monthracite;110;80;120;80;90;30;510;85.00
840;840_EB.png;Verpom;40;40;80;40;40;20;260;43.33
841;841_EB.png;Pomdrapi;70;110;80;95;60;70;485;80.83
842;842_EB.png;Dratatin;110;85;80;100;80;30;485;80.83
843;843_EB.png;Dunaja;52;57;75;35;50;46;315;52.50
844;844_EB.png;Dunaconda;72;107;125;65;70;71;510;85.00
845;845_EB.png;Nigosier;70;85;55;85;95;85;475;79.17
846;846_EB.png;Embrochet;41;63;40;40;30;66;280;46.67
847;847_EB.png;Hastacuda;61;123;60;60;50;136;490;81.67
848;848_EB.png;Toxizap;48;38;35;54;35;40;250;41.67
849;849_Aigüe_EB.png;Salarsen;75;98;70;114;70;75;502;83.67
850;850_EB.png;Grillepattes;50;65;45;50;50;45;305;50.83
851;851_EB.png;Scolocendre;100;115;65;90;90;65;525;87.50
852;852_EB.png;Poulpaf;50;68;60;50;50;32;310;51.67
853;853_EB.png;Krakos;80;118;90;70;80;42;480;80.00
854;854_EB.png;Théffroi;40;45;45;74;54;50;308;51.33
855;855_EB.png;Polthégeist;60;65;65;134;114;70;508;84.67
856;856_EB.png;Bibichut;42;30;45;56;53;39;265;44.17
857;857_EB.png;Chapotus;57;40;65;86;73;49;370;61.67
858;858_EB.png;Sorcilence;57;90;95;136;103;29;510;85.00
859;859_EB.png;Grimalin;45;45;30;55;40;50;265;44.17
860;860_EB.png;Fourbelin;65;60;45;75;55;70;370;61.67
861;861_EB.png;Angoliath;95;120;65;95;75;60;510;85.00
862;862_EB.png;Ixon;93;90;101;60;81;95;520;86.67
863;863_EB.png;Berserkatt;70;110;100;50;60;50;440;73.33
864;864_EB.png;Corayôme;60;95;50;145;130;30;510;85.00
865;865_EB.png;Palarticho;62;135;95;68;82;65;507;84.50
866;866_EB.png;M. Glaquette;80;85;75;110;100;70;520;86.67
867;867_EB.png;Tutétékri;58;95;145;50;105;30;483;80.50
868;868_EB.png;Crèmy;45;40;40;50;61;34;270;45.00
869;869_Lait_Vanille_EB.png;Charmilly;65;60;75;110;121;64;495;82.50
870;870_EB.png;Hexadron;65;100;100;70;60;75;470;78.33
871;871_EB.png;Wattapik;48;101;95;91;80;15;430;71.67
872;872_EB.png;Frissonille;30;25;35;45;30;20;185;30.83
873;873_EB.png;Beldeneige;70;65;60;125;90;65;475;79.17
874;874_EB.png;Dolman;100;125;135;20;20;70;470;78.33
875;875_Tête_de_Gel_EB.png;Bekaglaçon;75;80;110;65;90;50;470;78.33
875;875_Tête_Dégel_EB.png;Bekaglaçon;75;80;70;65;50;130;470;78.33
876;876_♀_EB.png;"Wimessir
(Femelle)";70;55;65;95;105;85;475;79.17
876;876_♂_EB.png;"Wimessir
(Mâle)";60;65;55;105;95;95;475;79.17
877;877_Rassasié_EB.png;Morpeko;58;95;58;70;58;97;436;72.67
878;878_EB.png;Charibari;72;80;49;40;49;40;330;55.00
879;879_EB.png;Pachyradjah;122;130;69;80;69;30;500;83.33
880;880_EB.png;Galvagon;90;100;90;80;70;75;505;84.17
881;881_EB.png;Galvagla;90;100;90;90;80;55;505;84.17
882;882_EB.png;Hydragon;90;90;100;70;80;75;505;84.17
883;883_EB.png;Hydragla;90;90;100;80;90;55;505;84.17
884;884_EB.png;Duralugon;70;95;115;120;50;85;535;89.17
885;885_EB.png;Fantyrm;28;60;30;40;30;82;270;45.00
886;886_EB.png;Dispareptil;68;80;50;60;50;102;410;68.33
887;887_EB.png;Lanssorien;88;120;75;100;75;142;600;100.00
888;888_Héros_Aguerri_EB.png;"Zacian
(Héros Aguerri)";92;130;115;80;115;138;670;111.67
888;888_Épée_Suprême_EB.png;"Zacian
(Épée Suprême)";92;170;115;80;115;148;720;120.00
889;889_Héros_Aguerri_EB.png;"Zamazenta
(Héros Aguerri)";92;130;115;80;115;138;670;111.67
889;889_Bouclier_Suprême_EB.png;"Zamazenta
(Bouclier Suprême)";92;130;145;80;145;128;720;120.00
890;890_EB.png;Éthernatos;140;85;95;145;95;130;690;115.00
890;890_Infinimax_EB.png;"Éthernatos
(Infinimax)";255;115;250;125;250;130;1125;187.50
